Dias;Mercado 1;Mercado 1;Mercado 1;Mercado 2 ;Mercado 2 ;Mercado 2 ;Mercado 3 ;Mercado 3 ;Mercado 3 ;Mercado 4;Mercado 4;Mercado 4;
D¡a;Precio de Venta;Cantidad producida & vendida;Costo unitario;Precio de Venta;Cantidad producida & vendida;Costo unitario;Precio de Venta;Cantidad producida & vendida;Costo unitario;Precio de Venta;Cantidad producida & vendida;Costo unitario;
1;109,65;950,62;88,89;49,33;395,04;45,42;113,22;1052,76;93,15;99,45;108,26;115,25;
2;107,90;1117,77;91,79;50,50;398,10;46,48;94,73;1015,88;96,07;103,24;493,66;99,43;
3;103,00;848,55;85,69;50,60;410,20;46,43;107,40;1017,23;95,07;93,73;172,60;98,30;
4;96,73;1039,74;87,99;49,49;423,77;45,65;114,67;1064,38;94,81;114,07;514,51;83,60;
5;101,84;916,71;88,91;49,67;393,10;46,95;98,63;1039,06;98,39;90,86;191,26;162,94;
6;99,33;1002,75;94,60;50,66;425,17;45,71;101,56;1016,21;96,21;106,64;166,30;108,69;
7;104,97;908,77;93,51;49,41;398,62;48,14;102,79;1050,04;94,88;95,28;53,14;117,09;
8;102,48;1007,38;87,34;49,31;423,13;46,07;96,66;1024,04;95,47;120,03;379,72;59,19;
9;95,44;1070,93;90,87;49,90;363,32;47,82;106,47;1032,34;95,86;110,42;224,79;86,29;
10;96,30;1023,19;91,85;50,55;404,79;45,78;103,30;991,13;96,13;120,72;65,15;76,40;
11;95,81;1051,47;90,80;47,27;417,69;46,90;106,19;1007,92;92,69;114,78;427,59;70,23;
12;99,99;966,61;90,56;48,46;431,25;45,27;96,34;1069,95;96,80;123,99;231,12;110,53;
13;96,15;952,17;91,47;48,88;444,44;46,79;110,62;1053,87;93,30;123,53;243,47;91,05;
14;99,28;1085,49;91,88;49,45;421,36;46,72;91,66;1078,18;92,04;92,00;476,21;90,39;
15;99,07;909,20;91,00;49,31;404,10;45,25;108,94;1004,54;98,88;111,87;421,27;80,47;
16;99,09;910,83;92,94;52,13;417,19;45,81;90,37;1036,61;95,67;109,14;616,04;91,27;
17;98,51;941,24;85,67;50,30;374,80;46,69;99,55;1025,82;97,21;106,68;273,30;87,34;
18;102,65;1074,29;87,05;51,19;412,17;47,77;108,77;954,05;91,51;94,62;237,85;111,01;
19;106,77;958,04;92,87;51,01;402,58;45,67;100,03;1027,69;96,59;94,50;166,52;84,50;
20;101,31;944,97;87,46;49,09;413,82;48,08;90,92;959,39;96,63;117,15;129,91;87,30;
21;98,50;1022,75;87,31;51,61;381,68;46,18;96,60;1011,42;95,64;91,18;441,64;88,60;
22;98,13;1055,92;91,84;49,54;379,77;43,70;107,26;1042,94;95,28;95,36;758,16;84,47;
23;98,39;1007,17;88,25;46,08;392,73;45,62;99,51;1047,63;94,99;104,71;149,47;116,69;
24;95,55;995,30;88,69;52,06;378,61;44,74;104,30;929,66;94,45;113,13;83,94;103,77;
25;101,26;1041,84;88,64;47,19;430,74;43,90;91,97;1071,37;94,55;92,76;178,07;100,18;
26;103,22;936,05;93,30;51,20;400,86;45,36;111,29;1008,77;97,08;118,82;234,52;90,37;
27;106,22;911,93;90,37;49,84;414,63;47,03;115,09;1009,43;93,64;123,16;76,86;116,87;
28;100,78;962,83;92,22;50,98;399,63;46,86;95,64;1018,29;97,07;99,12;126,92;130,21;
29;103,70;1046,10;88,72;49,24;397,79;46,12;99,08;980,67;93,62;118,88;119,30;93,70;
30;94,50;957,51;91,10;49,25;388,40;47,72;101,41;985,95;93,66;92,05;220,70;108,04;
31;102,06;900,35;93,90;47,46;396,95;44,67;95,10;978,56;95,42;95,79;354,13;132,22;
32;95,17;954,82;91,19;49,95;394,23;45,50;95,93;1019,19;97,14;95,46;130,85;119,60;
33;100,21;1014,34;87,50;46,40;372,75;46,06;94,36;1064,80;95,39;119,19;86,86;113,48;
34;96,64;899,05;88,19;50,49;392,85;47,52;105,93;1079,39;97,74;103,27;647,44;83,63;
35;98,89;973,83;89,75;47,37;414,07;46,32;91,46;1050,86;92,97;106,86;118,67;92,62;
36;97,42;1077,01;92,13;49,97;397,77;46,68;107,45;999,58;92,62;105,19;295,56;58,45;
37;101,50;951,91;87,37;48,35;375,91;46,13;105,35;1051,28;96,88;120,83;255,92;93,57;
38;100,23;954,67;91,23;50,62;410,11;45,44;92,74;983,63;96,73;91,77;263,15;149,16;
39;98,92;857,06;92,81;49,30;402,29;44,10;110,37;1066,32;96,11;92,42;116,77;118,03;
40;99,13;1123,65;90,28;50,08;417,32;46,18;99,47;1000,30;93,73;114,37;68,34;124,42;
41;98,23;1025,44;86,82;49,36;412,63;47,59;96,41;926,70;98,05;91,35;49,48;158,33;
42;103,09;1021,77;92,90;52,52;405,83;46,75;98,27;1054,46;97,61;96,06;274,80;148,18;
43;100,94;1060,98;91,52;51,16;413,16;47,34;96,31;937,73;96,04;95,81;85,66;167,16;
44;99,79;1046,57;88,99;49,57;404,56;46,63;100,92;998,68;94,92;90,52;80,98;59,65;
45;105,32;1040,02;88,14;49,96;401,30;46,40;99,75;935,84;93,17;110,91;124,40;87,91;
46;108,26;1021,08;86,50;48,83;396,27;44,73;93,35;1028,28;92,64;90,70;145,05;86,02;
47;103,91;1029,89;93,57;50,45;429,15;45,34;91,26;1006,41;96,57;104,24;658,30;90,06;
48;99,71;939,12;94,84;49,59;420,97;45,90;106,91;1037,20;96,27;110,18;148,19;77,59;
49;101,42;908,22;91,67;50,47;365,75;46,35;92,37;1015,27;93,01;96,32;116,47;123,37;
50;96,00;998,43;90,13;49,07;425,52;46,88;97,12;977,44;94,79;103,90;32,23;108,79;
51;95,26;885,99;88,46;49,76;415,59;46,87;91,02;981,87;94,14;104,24;104,43;70,23;
52;100,81;1086,35;85,21;46,20;411,60;45,53;90,03;1018,60;92,99;115,41;224,38;80,71;
53;103,19;1090,68;92,99;50,57;387,17;45,96;95,25;1101,98;93,68;91,79;746,67;120,01;
54;98,60;1026,10;89,47;53,50;369,04;46,04;110,65;1065,09;96,13;103,30;177,64;90,28;
55;102,57;1082,41;92,25;51,21;351,06;47,42;109,02;955,26;96,01;108,82;311,03;77,35;
56;100,42;1050,61;85,92;49,10;389,10;46,42;100,41;1023,93;97,15;118,38;48,61;164,42;
57;100,05;1104,97;90,24;49,45;403,58;44,48;92,32;950,73;95,17;104,05;126,00;69,63;
58;101,03;1004,66;94,90;48,07;422,35;44,04;107,01;966,43;95,27;123,82;245,06;62,30;
59;103,75;982,88;88,39;49,47;439,20;45,87;123,23;969,67;94,75;106,61;286,11;115,69;
60;104,11;1040,96;90,76;49,17;420,66;46,16;113,06;984,50;97,26;104,07;98,28;75,31;
61;100,76;1069,71;93,13;46,27;400,14;45,89;93,07;995,09;97,25;94,09;13,79;64,67;
62;98,30;1000,43;88,94;47,00;369,38;47,27;107,70;1040,28;91,49;108,45;32,92;69,92;
63;100,33;1019,40;89,35;50,58;364,37;46,55;100,73;965,95;93,59;114,62;104,99;139,93;
64;100,37;886,76;86,76;52,42;413,12;48,46;105,20;973,69;97,19;99,75;320,08;112,26;
65;100,18;1036,49;90,29;49,78;407,71;47,76;112,81;987,90;96,86;93,18;143,70;108,25;
66;104,09;1050,13;85,83;47,70;374,40;46,30;91,67;1067,76;93,64;109,18;198,78;58,89;
67;108,15;1057,52;92,98;48,16;413,63;46,41;114,38;990,59;97,29;97,93;98,06;74,53;
68;99,37;1018,20;90,47;49,54;409,78;45,38;91,77;925,30;95,97;97,38;175,94;75,67;
69;105,43;969,53;85,50;49,27;412,08;46,92;105,25;1031,40;94,19;103,73;125,73;131,84;
70;95,38;1045,19;89,36;48,03;399,35;47,11;102,22;941,74;96,00;120,24;196,36;75,61;
71;99,75;1056,31;89,72;49,93;394,54;47,65;92,11;1014,61;94,24;101,89;186,58;77,40;
72;99,87;910,20;94,27;49,05;394,35;46,88;101,66;976,50;94,90;93,23;197,64;115,81;
73;95,75;988,47;94,06;48,95;368,48;44,46;95,16;954,66;97,78;120,29;238,72;175,62;
74;99,11;1114,82;91,39;50,05;420,99;45,61;107,03;1082,56;92,20;92,85;250,74;87,99;
75;99,16;991,09;90,42;49,83;368,34;45,33;105,50;973,23;96,18;92,00;179,66;81,78;
76;94,88;1109,46;91,44;48,43;352,84;46,22;100,37;1019,86;94,45;106,95;47,87;75,90;
77;96,96;1011,38;89,80;50,77;401,88;45,67;101,83;1015,62;91,01;105,29;260,33;58,96;
78;104,56;971,06;92,93;48,59;364,81;46,52;106,20;1016,86;95,40;118,61;101,95;65,61;
79;97,97;893,15;93,07;49,85;409,33;46,51;110,27;1017,73;95,89;101,54;82,13;51,01;
80;97,86;1059,32;90,78;47,93;431,71;47,01;100,23;996,11;92,24;117,02;338,06;129,70;
81;103,86;961,05;92,11;51,56;424,78;46,03;118,25;1028,17;94,40;105,78;183,18;125,10;
82;97,84;963,91;88,32;51,77;405,50;45,59;97,49;1027,38;99,16;116,38;149,09;92,69;
83;97,75;937,54;91,93;54,56;381,94;45,98;101,40;969,99;96,50;98,42;286,28;88,41;
84;97,39;1114,40;92,76;52,38;402,91;46,49;99,69;997,11;94,10;91,15;207,71;145,54;
85;102,85;1018,45;91,70;50,28;418,80;46,54;99,99;1027,70;96,85;90,81;95,71;111,37;
86;101,91;869,03;88,87;47,37;426,03;45,01;103,21;1005,58;95,30;120,98;303,48;100,25;
87;96,97;945,50;90,89;49,20;390,22;46,19;105,98;984,31;97,79;94,53;196,23;114,10;
88;103,58;981,61;90,97;51,66;376,14;46,81;103,90;976,21;94,12;95,78;196,63;153,68;
89;105,56;963,66;86,35;47,91;398,74;46,47;97,34;977,21;95,48;94,58;328,46;80,82;
90;99,66;1065,69;89,27;47,76;400,79;46,38;109,80;918,01;96,61;108,75;229,27;115,38;
91;100,31;1008,67;92,68;47,34;384,47;46,01;106,67;951,34;95,46;95,03;302,83;76,39;
92;102,09;924,91;88,97;46,63;416,86;45,52;105,06;1046,86;92,53;97,16;137,70;81,68;
93;99,63;1016,48;90,75;51,43;388,48;46,17;92,25;958,60;94,83;97,07;118,02;98,78;
94;104,21;1001,20;93,71;52,02;409,45;46,13;92,99;1005,34;98,03;122,28;273,90;72,61;
95;98,11;907,41;85,72;49,26;390,03;45,78;95,99;1033,01;95,92;95,43;184,40;97,72;
96;103,75;906,30;88,49;49,21;432,22;44,60;107,14;983,59;92,41;113,60;567,25;63,03;
97;106,26;1060,01;85,47;51,36;403,35;45,56;95,36;1029,77;92,55;106,58;45,38;61,11;
98;97,60;961,96;91,90;47,71;386,99;44,82;100,52;1020,61;95,00;113,01;85,76;136,00;
99;102,72;990,97;90,16;51,73;394,66;45,34;103,07;969,81;93,02;95,61;67,79;86,50;
100;102,39;948,67;87,87;51,15;377,58;46,20;97,86;1044,98;96,24;114,32;526,46;103,40;
101;103,90;1101,51;85,07;50,18;413,75;47,09;103,76;1043,29;93,07;117,37;208,63;95,34;
102;104,42;972,98;92,66;50,80;371,55;46,84;98,19;1009,82;92,87;99,96;283,97;125,08;
103;98,84;1044,57;88,07;50,88;440,15;47,02;100,63;972,64;95,89;101,03;120,02;103,46;
104;100,69;988,99;89,74;47,58;389,80;45,10;96,24;947,37;96,34;109,90;126,14;103,22;
105;103,81;1015,67;91,21;48,28;385,46;45,43;110,76;1063,16;99,21;119,82;168,43;121,69;
106;99,84;1036,82;89,44;51,09;397,11;45,96;91,25;1062,47;94,01;119,90;125,45;100,31;
107;101,52;989,99;92,03;51,30;393,61;43,05;91,13;929,17;92,48;120,44;326,66;138,28;
108;107,22;1008,22;86,54;53,44;417,54;44,85;97,92;1024,66;92,67;96,47;83,88;109,91;
109;99,30;1073,14;88,23;48,47;418,74;46,47;95,50;922,58;94,91;98,67;114,01;107,27;
110;105,65;903,59;89,90;49,68;364,99;45,31;95,59;1030,80;91,43;110,34;236,63;203,69;
111;103,13;868,08;90,06;49,13;401,46;45,04;110,49;921,62;95,57;91,51;92,52;71,57;
112;103,05;1019,28;85,88;48,48;410,39;43,32;102,34;1084,54;94,42;95,79;304,17;109,73;
113;104,34;1007,98;87,88;50,40;366,49;45,80;95,43;910,65;95,11;112,31;141,03;126,16;
114;102,86;978,63;89,29;48,33;431,04;45,13;97,81;1034,10;95,54;102,30;166,85;78,36;
115;104,93;1034,68;93,10;50,83;385,28;45,86;108,30;1024,29;96,72;119,25;113,25;99,19;
116;105,39;1064,72;91,36;48,80;394,89;46,08;100,87;1050,09;93,92;94,52;55,08;82,03;
117;103,56;1062,19;92,60;48,18;406,24;47,54;96,92;961,50;92,95;94,51;623,74;84,40;
118;106,14;993,95;87,81;48,38;402,60;47,22;92,68;1041,49;93,61;93,18;58,53;88,10;
119;95,92;979,27;85,94;51,03;415,00;46,80;102,43;989,67;93,18;104,20;202,87;101,50;
120;98,87;913,72;89,83;47,68;354,46;46,83;96,13;1058,35;95,02;100,24;279,43;100,65;
121;99,31;957,14;92,48;51,60;428,77;44,38;98,02;994,88;95,44;112,27;121,14;94,84;
122;95,96;917,93;86,22;47,63;426,19;45,39;94,61;990,87;94,15;90,73;25,23;78,62;
123;96,82;1054,40;85,80;50,43;386,69;44,89;101,60;1104,69;94,30;95,52;19,85;124,97;
124;98,71;853,80;89,66;52,16;416,34;48,23;106,78;1086,52;95,93;112,38;107,22;125,86;
125;96,39;933,20;87,36;52,22;387,76;45,86;102,89;1047,11;94,26;98,29;203,48;100,92;
126;100,91;867,26;94,86;52,97;372,36;46,41;100,11;970,39;94,50;92,46;238,57;177,74;
127;101,47;1013,65;88,76;46,94;420,79;45,26;111,98;952,84;93,81;90,73;202,09;172,32;
128;102,41;1049,01;91,42;49,74;387,82;46,14;104,56;955,75;94,48;95,95;251,06;77,43;
129;99,14;881,16;87,41;50,39;388,60;47,48;100,68;1081,54;95,83;100,46;51,23;51,53;
130;98,41;992,55;91,82;50,13;412,56;46,00;96,50;907,40;93,71;118,88;148,55;83,88;
131;97,55;1054,75;91,05;49,90;412,37;47,50;91,83;1012,34;95,67;114,72;120,61;156,96;
132;103,18;936,79;86,61;50,12;356,50;45,92;97,99;1100,98;94,85;117,08;154,72;84,67;
133;104,38;1079,18;86,67;47,12;361,73;46,26;90,83;949,50;94,96;107,53;103,89;104,98;
134;103,48;1125,31;92,72;50,71;424,50;46,46;106,43;1003,16;92,12;115,78;353,86;91,57;
135;104,88;968,71;90,58;51,67;403,78;47,19;92,39;1019,54;96,94;122,46;308,55;131,40;
136;101,19;948,27;93,15;51,26;393,82;45,31;105,13;975,06;93,08;95,77;120,47;77,28;
137;101,16;962,27;86,92;52,30;437,42;46,44;91,85;1031,92;98,77;110,51;122,57;88,51;
138;103,50;930,53;88,86;46,36;425,84;45,12;109,27;942,84;92,49;95,45;45,83;62,82;
139;102,55;983,19;91,09;49,37;415,80;47,20;90,11;1033,85;99,61;122,46;375,55;105,73;
140;101,20;1058,22;88,75;51,70;433,05;47,35;109,58;1016,75;93,05;102,63;73,06;73,18;
141;94,98;1121,09;87,63;51,15;410,45;45,93;94,16;1023,48;98,12;122,15;401,77;122,92;
142;99,58;1058,59;89,18;52,66;363,61;45,74;103,37;1071,96;98,31;93,68;122,07;82,85;
143;98,73;1020,14;89,50;48,68;386,54;47,00;103,15;937,45;95,04;123,66;14,86;79,16;
144;97,58;902,34;91,30;48,29;391,42;47,70;105,42;930,56;96,06;105,36;115,72;101,87;
145;97,22;1026,68;85,54;46,47;397,32;46,92;101,52;988,05;93,80;121,72;366,25;80,00;
146;102,79;955,64;94,54;50,97;414,16;45,81;103,69;1045,53;97,36;107,66;383,47;109,27;
147;106,72;1024,49;85,77;49,73;408,15;44,05;97,15;1003,33;95,59;90,29;222,64;83,96;
148;105,76;1106,08;85,14;51,91;400,27;46,82;104,00;984,71;97,72;102,24;421,53;119,18;
149;97,95;1010,40;87,72;51,64;397,22;45,79;110,88;1095,32;91,56;102,46;59,28;110,04;
150;95,19;1006,38;86,46;49,52;411,12;46,72;91,36;1044,09;91,77;102,56;283,69;115,54;
151;104,46;1025,62;93,04;49,28;407,84;46,15;101,71;1090,98;93,28;97,97;103,55;106,76;
152;100,12;949,61;93,24;47,64;410,83;46,63;98,97;944,90;95,98;90,90;48,40;103,88;
153;100,15;943,33;93,36;46,24;408,06;46,39;94,24;1023,10;95,51;121,32;78,41;82,83;
154;97,89;942,59;89,45;49,88;423,65;45,61;97,43;992,46;94,72;112,64;103,67;91,44;
155;103,44;1000,81;92,62;51,50;407,25;46,78;112,43;1025,17;92,27;116,71;166,15;80,10;
156;94,40;968,40;93,46;52,79;414,30;44,78;100,78;1048,33;94,27;112,81;297,68;105,84;
157;100,98;1118,14;88,79;50,37;433,65;45,27;105,44;926,29;92,74;98,11;159,76;70,92;
158;99,25;1055,40;89,96;53,58;396,13;46,33;104,86;934,81;93,26;118,26;309,95;72,41;
159;103,03;1039,43;87,16;49,47;380,68;45,51;92,19;960,30;94,09;108,23;179,96;100,30;
160;94,33;952,84;85,32;50,91;392,02;46,77;114,06;1005,16;97,53;99,59;65,22;106,51;
161;100,02;967,59;93,01;47,95;413,34;45,93;90,46;962,04;95,06;121,24;322,53;139,14;
162;101,89;1052,06;85,62;51,99;412,31;45,76;93,42;965,51;96,49;100,81;182,10;131,29;
163;101,82;918,65;87,83;49,35;368,65;44,44;105,88;989,12;93,12;93,78;138,16;129,91;
164;107,06;1023,00;88,66;50,03;416,44;47,68;119,08;1080,96;91,33;119,32;117,77;91,44;
165;98,31;855,31;88,57;47,09;378,46;45,77;104,09;1077,96;98,46;120,57;230,72;83,58;
166;106,36;1089,28;88,28;48,77;384,72;45,45;107,66;978,98;93,42;94,70;171,43;107,77;
167;99,45;1030,26;89,40;52,69;380,58;46,61;94,60;1119,68;97,36;91,76;232,48;88,85;
168;99,79;986,93;89,12;49,24;428,54;46,72;100,62;958,85;98,41;101,61;73,30;80,79;
169;100,31;965,77;92,64;49,59;367,24;47,30;103,18;936,86;98,32;116,78;28,93;123,06;
170;97,79;1038,17;93,62;47,94;395,67;47,29;100,58;1006,91;95,36;121,03;48,08;95,37;
171;101,75;975,77;88,04;51,87;424,40;45,26;112,59;982,62;92,20;90,20;303,04;99,88;
172;100,88;1069,09;86,09;50,51;378,29;45,63;91,39;939,73;94,39;103,67;109,90;86,16;
173;95,07;1089,18;92,16;52,68;389,60;46,30;92,98;1045,27;96,44;108,27;173,60;84,46;
174;95,75;1006,73;88,36;49,61;360,06;47,10;95,82;1023,39;93,04;112,94;323,39;91,53;
175;98,57;956,29;94,98;51,98;388,05;46,55;109,08;1034,79;93,83;94,26;130,85;106,39;
176;94,84;1067,89;86,71;52,09;390,75;46,59;107,86;1083,47;93,85;106,31;246,74;76,56;
177;96,55;1017,22;90,27;46,44;376,60;46,68;109,64;1022,00;94,21;98,82;147,37;114,62;
178;97,71;938,18;87,59;48,20;426,70;47,46;97,28;961,70;98,61;103,77;60,70;78,89;
179;100,27;1027,40;88,03;53,81;438,59;44,92;100,94;999,13;93,72;104,13;335,78;97,83;
180;102,77;1083,58;92,39;49,42;416,97;46,55;103,02;1096,70;94,90;97,56;385,63;222,90;
181;107,33;984,79;89,09;50,95;406,90;45,53;95,06;962,87;95,03;93,36;289,61;144,50;
182;98,20;884,26;91,60;50,44;393,44;44,91;116,34;1071,45;92,75;95,78;159,64;84,99;
183;104,50;960,73;93,48;53,02;363,09;46,51;106,89;995,86;93,78;92,43;150,23;120,77;
184;101,49;1012,83;93,20;53,76;440,64;45,68;103,57;972,90;94,82;94,98;72,38;112,65;
185;98,80;897,97;90,30;48,64;367,83;47,14;96,86;959,85;95,18;100,88;345,81;91,77;
186;98,44;1031,70;88,00;46,73;434,01;46,11;93,09;923,79;92,36;121,72;125,19;126,81;
187;100,27;1107,59;86,25;51,12;394,83;45,10;116,68;946,02;95,72;105,72;64,70;128,67;
188;97,48;934,01;87,62;49,87;394,43;47,13;107,92;975,72;95,88;117,51;308,92;107,49;
189;95,68;1078,15;92,08;51,96;425,42;47,92;94,86;1056,88;94,44;120,33;98,50;72,50;
190;100,55;931,74;89,45;52,75;422,96;45,52;94,51;998,14;92,33;107,37;117,98;150,11;
191;94,13;1097,06;87,94;51,13;434,62;45,77;106,60;990,04;94,37;122,07;84,95;73,53;
192;101,97;978,14;91,62;47,05;380,20;46,22;90,22;1066,48;95,58;116,17;379,32;70,38;
193;96,70;1013,85;90,80;52,36;384,94;45,54;95,13;931,02;97,28;114,80;208,89;79,98;
194;105,61;951,57;92,10;49,51;367,05;44,41;95,52;994,11;95,25;108,68;85,02;153,50;
195;101,45;1068,40;88,84;51,75;433,37;45,46;107,79;1012,60;93,44;96,71;167,56;76,55;
196;100,13;946,24;92,57;48,67;423,28;48,41;99,41;1065,52;95,75;100,76;381,19;129,28;
197;101,98;1087,34;93,23;46,86;384,61;45,71;106,26;1080,63;92,16;98,61;129,54;81,52;
198;100,80;1036,00;87,00;52,61;398,34;43,76;93,53;1041,28;91,91;90,95;109,31;72,62;
199;98,67;945,80;91,01;48,26;353,85;46,34;104,26;972,13;93,19;92,65;77,18;119,67;
200;104,26;1013,23;92,83;46,53;395,09;43,86;100,32;1002,65;93,94;93,60;160,82;173,61;
201;101,37;914,05;92,83;48,53;362,20;47,43;112,75;1012,84;97,56;100,49;83,81;124,79;
202;94,59;985,92;90,71;48,08;441,60;46,70;93,90;1057,05;91,27;122,94;258,10;106,28;
203;101,28;934,80;93,53;49,49;399,91;44,21;106,84;1026,00;92,30;103,56;115,07;70,42;
204;104,05;997,95;91,99;48,44;389,53;46,23;118,99;1021,53;92,82;118,57;183,72;100,92;
205;104,84;968,06;90,00;50,01;389,44;43,46;90,60;1000,90;94,32;119,12;184,91;94,26;
206;102,63;950,28;90,53;47,53;391,25;45,68;94,47;1100,17;95,99;96,89;209,44;106,16;
207;95,90;947,55;90,21;52,28;405,03;47,37;92,06;1014,94;92,32;95,15;430,65;136,24;
208;99,24;1025,08;89,85;50,56;409,67;46,31;90,76;1058,94;93,96;110,23;368,27;94,04;
209;106,10;936,33;92,05;51,33;392,08;47,16;112,89;1006,21;92,87;92,28;312,72;69,06;
210;97,06;940,44;90,64;51,37;406,04;45,30;95,75;980,00;93,29;116,78;264,06;190,18;
211;100,00;926,40;91,26;50,06;408,33;44,65;92,92;1044,23;95,95;115,72;93,00;63,07;
212;100,74;955,36;89,51;50,72;403,11;45,40;96,53;1086,18;94,42;112,53;128,01;92,43;
213;105,51;988,31;85,03;49,19;402,74;45,85;99,36;1059,04;97,11;108,06;78,69;107,91;
214;100,86;1038,50;90,60;49,56;421,56;44,13;92,62;1036,82;94,66;101,48;277,30;89,58;
215;101,24;967,34;94,40;50,38;419,00;44,50;115,61;1001,20;95,14;115,12;87,28;79,44;
216;102,45;1014,98;91,91;48,25;427,94;46,64;104,70;997,57;96,18;95,24;162,48;131,52;
217;102,43;1021,57;87,70;50,74;414,81;45,19;100,30;1035,36;96,66;99,94;40,04;78,99;
218;95,65;1042,56;88,21;49,97;378,21;44,62;101,12;1021,19;93,22;107,50;108,78;103,98;
219;97,35;1129,69;91,25;48,99;424,95;46,97;105,54;1048,25;95,81;118,82;319,26;98,90;
220;97,68;1057,22;89,96;47,83;411,30;44,55;112,23;981,48;94,86;114,97;92,70;70,53;
221;107,45;977,40;88,53;49,92;434,87;46,39;108,67;1098,90;96,39;111,78;114,06;58,14;
222;97,19;1066,80;91,94;46,65;388,82;45,38;101,17;1068,78;98,49;118,95;340,40;116,19;
223;101,30;842,77;90,45;48,73;385,62;45,48;96,65;940,35;94,70;112,25;54,47;88,37;
224;98,69;900,71;86,77;49,70;398,15;45,82;110,14;1029,06;97,00;117,12;22,93;102,74;
225;96,76;1053,64;91,64;48,39;393,96;47,44;96,56;1040,60;93,38;112,44;242,05;136,83;
226;99,00;1097,58;90,14;48,51;361,20;45,44;105,22;1053,66;93,86;119,22;112,15;86,76;
227;95,28;985,31;94,74;49,70;414,49;44,85;100,54;928,51;93,67;106,60;200,06;114,82;
228;100,93;1046,94;93,82;50,15;382,08;45,14;109,37;1016,33;94,35;114,80;279,75;62,22;
229;102,75;999,57;91,59;52,46;395,38;44,51;95,96;1051,56;92,38;104,98;115,42;73,17;
230;94,53;1003,87;94,67;50,54;391,57;45,23;108,87;949,09;96,25;102,57;570,84;102,54;
231;98,10;1074,98;90,66;52,17;402,21;44,45;95,28;1026,97;91,63;109,75;11,88;82,33;
232;98,36;1099,58;93,18;48,88;390,52;48,04;97,20;960,14;96,81;109,24;289,19;122,44;
233;101,34;1022,07;87,95;47,99;385,74;44,40;107,30;1013,87;94,65;93,99;129,83;62,38;
234;99,01;1108,87;91,54;51,54;420,40;45,24;108,85;1074,90;95,95;121,46;97,85;139,42;
235;95,60;959,00;90,38;50,02;407,17;46,25;99,38;1014,75;95,45;91,00;403,45;89,71;
236;105,71;1033,07;90,03;48,34;349,77;47,97;109,95;1067,05;94,52;90,38;397,27;77,76;
237;108,43;982,58;90,94;51,40;432,62;47,29;117,13;1059,41;92,44;107,72;97,53;115,79;
238;100,60;1019,85;88,81;50,04;411,77;46,95;92,82;1010,46;96,03;114,90;90,73;106,68;
239;101,57;1014,69;91,14;49,16;384,00;47,25;93,29;986,48;98,56;101,44;91,02;84,67;
240;101,58;974,20;86,03;51,46;426,43;46,66;104,45;968,62;95,50;97,09;773,82;79,62;
241;97,50;964,47;90,04;50,12;427,35;44,23;117,95;1055,53;97,34;98,47;101,52;59,50;
242;97,72;1023,57;92,37;49,65;415,56;44,33;97,87;1001,53;96,89;104,03;176,18;122,91;
243;101,71;889,52;90,84;53,14;401,04;45,69;104,67;1017,44;94,34;118,02;397,89;179,08;
244;100,70;1018,62;90,54;49,19;406,49;46,94;102,28;993,15;96,15;102,71;120,18;61,97;
245;97,63;1061,42;90,52;49,34;421,25;45,84;96,75;914,12;96,20;111,04;170,55;91,24;
246;94,43;892,22;86,19;49,15;372,68;46,09;95,85;941,08;95,61;116,94;284,21;116,63;
247;97,25;1001,98;90,08;53,18;373,01;45,28;106,01;955,50;93,74;97,04;148,26;200,40;
248;100,09;964,56;88,06;50,47;391,07;44,69;90,54;970,72;94,68;111,28;130,41;101,83;
249;99,82;999,45;89,77;49,77;422,15;47,37;94,12;950,42;92,84;95,00;64,40;62,35;
250;99,39;979,96;89,31;51,83;379,86;45,64;97,78;968,17;93,25;123,33;148,69;159,76;
251;95,87;1053,95;91,71;50,53;370,95;45,88;114,18;1035,68;95,17;108,45;143,37;118,18;
252;98,38;905,06;87,45;52,80;382,31;43,98;94,77;1052,38;95,84;92,90;11,58;96,55;
253;103,28;860,24;87,85;48,22;410,67;47,66;94,41;1107,53;94,59;99,49;85,42;165,80;
254;102,08;972,75;93,63;48,81;422,21;47,23;106,37;1069,55;92,46;121,32;138,87;103,77;
255;100,56;941,52;90,07;49,14;401,98;45,18;94,07;953,49;97,65;96,74;212,41;149,61;
256;105,90;1035,27;89,63;48,76;418,23;46,93;104,48;1087,79;94,06;95,95;396,52;151,03;
257;105,21;925,24;93,08;54,41;405,75;44,27;111,52;1034,89;93,43;94,10;115,67;129,85;
258;96,54;1031,31;93,32;46,76;414,39;45,58;92,70;993,27;94,22;110,41;22,45;112,03;
259;99,03;1093,21;87,74;50,07;379,29;45,73;92,54;1083,25;92,90;98,77;157,19;64,01;
260;98,94;835,14;89,11;46,03;402,03;46,49;104,98;943,83;98,79;100,75;91,70;148,05;
261;95,41;1048,40;93,40;49,60;427,29;45,40;108,16;966,14;97,95;110,91;719,53;173,27;
262;98,96;1029,60;88,78;49,85;383,75;46,64;99,62;1031,61;95,35;99,17;547,50;102,19;
263;98,06;959,30;90,10;47,88;428,03;46,53;114,98;954,46;96,76;116,76;325,62;103,68;
264;103,14;931,60;89,37;47,50;418,13;46,77;113,68;989,46;92,71;99,78;40,72;73,21;
265;105,26;884,96;87,78;51,38;419,97;46,34;93,65;1033,33;94,76;110,47;60,50;133,87;
266;107,79;987,85;88,60;49,82;419,66;46,66;111,40;1008,65;95,76;101,45;638,45;103,64;
267;105,06;934,28;94,13;53,22;357,32;46,73;98,59;1040,88;91,19;118,38;144,00;125,84;
268;96,94;1003,19;85,30;48,63;411,95;47,15;104,82;1103,57;94,60;99,81;302,54;158,58;
269;96,42;978,59;90,70;50,51;404,87;45,41;105,81;1032,57;93,24;100,97;99,95;94,34;
270;104,30;1043,24;89,58;47,42;387,56;46,85;103,54;988,63;94,67;90,49;428,03;71,18;
271;104,52;929,46;87,52;50,01;412,85;45,84;101,46;1022,37;92,92;112,18;455,58;71,49;
272;103,66;969,14;87,67;50,31;406,99;46,52;110,06;957,28;92,66;94,95;112,47;145,45;
273;100,84;1009,95;89,68;49,00;401,56;46,32;112,29;962,39;95,61;97,28;158,05;65,28;
274;100,61;970,16;86,66;50,16;403,71;46,16;93,62;991,98;96,51;100,10;154,48;83,54;
275;104,28;977,51;91,49;51,44;395,86;45,97;103,45;966,76;93,75;101,34;470,94;89,55;
276;104,15;949,44;87,10;49,98;422,59;46,62;96,83;975,38;94,07;115,89;115,30;77,25;
277;106,50;951,19;90,38;47,49;361,97;43,95;102,37;956,23;97,69;115,36;54,54;91,75;
278;98,76;965,52;92,45;50,27;386,35;45,85;108,31;1009,67;91,70;120,30;44,61;57,00;
279;100,96;1028,75;92,47;48,61;360,88;45,17;103,26;1025,55;95,52;97,16;795,44;127,66;
280;99,90;997,54;89,04;50,34;387,40;46,44;96,78;1037,64;95,33;104,41;165,27;121,77;
281;97,65;1000,25;93,91;52,55;375,18;45,74;113,54;917,62;94,56;92,85;433,98;96,00;
282;94,80;1060,42;86,38;49,72;417,90;45,47;96,92;1037,37;97,68;115,13;58,13;148,01;
283;103,24;1011,00;90,62;49,12;385,95;46,01;105,61;931,96;93,58;106,87;398,64;84,22;
284;94,32;927,17;93,74;52,94;397,93;47,57;99,23;927,27;95,19;121,60;172,49;99,47;
285;100,65;1037,78;89,25;50,60;398,89;44,90;99,53;942,24;91,95;111,89;390,00;110,35;
286;97,85;902,99;85,41;50,92;392,94;44,84;102,69;1128,94;96,70;122,70;84,01;126,35;
287;101,60;1050,55;90,74;50,34;421,83;46,26;108,03;967,74;95,63;90,03;236,63;130,45;
288;102,30;993,34;91,31;50,67;386,87;46,71;91,92;946,97;96,05;98,00;97,80;87,20;
289;98,18;953,38;90,04;53,30;389,30;46,19;108,38;1088,27;94,70;91,73;172,05;139,67;
290;101,87;898,93;90,55;47,61;406,35;47,05;95,34;1073,52;94,37;117,16;254,59;95,75;
291;104,16;928,79;93,97;49,23;400,06;46,74;107,49;952,50;95,29;105,61;361,70;96,84;
292;95,81;1081,55;90,40;48,07;408,88;44,66;99,28;1010,74;94,64;107,84;215,89;43,50;
293;102,25;1094,99;93,58;49,80;405,09;46,14;105,33;1026,68;93,89;118,21;456,64;108,77;
294;98,00;922,79;91,37;52,26;395,75;46,97;104,96;956,91;95,24;121,32;132,41;125,23;
295;100,43;1015,29;88,13;47,41;394,06;47,33;108,55;1077,48;91,65;105,43;238,44;97,70;
296;108,54;890,79;90,20;51,89;388,25;45,79;102,51;1125,69;93,54;112,42;87,66;103,87;
297;99,73;959,81;88,98;48,53;380,98;48,21;97,25;971,71;97,48;104,94;178,24;63,92;
298;99,69;1026,48;94,48;51,27;377,68;46,37;93,24;986,98;98,71;105,94;153,02;70,28;
299;101,35;942,92;89,88;49,02;388,99;45,70;93,20;1000,43;94,29;122,93;232,01;82,89;
300;95,23;879,22;87,97;50,21;405,22;46,21;98,41;933,80;93,40;111,47;363,93;58,87;
301;103,97;953,50;94,33;47,97;406,80;45,76;96,99;1011,24;94,74;118,47;457,62;90,31;
302;102,18;1004,33;90,84;50,36;383,00;44,75;98,57;1007,38;96,65;109,69;292,33;91,71;
303;102,35;1072,23;91,40;46,56;377,24;44,70;93,59;1091,82;94,04;101,38;164,84;91,71;
304;102,91;1049,46;87,77;51,32;370,67;46,89;113,92;1013,65;96,22;107,84;133,53;106,79;
305;99,50;954,15;87,53;48,30;412,93;46,21;105,02;965,02;96,39;94,85;147,89;95,18;
306;97,92;1072,90;94,21;47,80;396,25;45,62;109,91;1008,14;96,95;123,24;59,82;161,07;
307;99,75;1041,13;89,76;46,96;399,07;47,86;121,98;1116,02;94,77;108,71;132,82;106,91;
308;97,52;1084,81;92,88;52,84;387,49;46,04;104,74;1003,96;95,43;123,72;231,22;96,22;
309;101,73;931,12;90,19;51,79;395,24;45,46;102,05;990,27;94,97;123,57;244,44;88,68;
310;97,12;920,77;92,15;48,66;407,38;46,35;102,96;932,99;95,93;101,73;144,07;103,97;
311;103,33;917,07;91,57;49,71;405,99;45,15;116,87;1002,79;96,11;111,29;172,89;109,87;
312;106,55;1069,54;89,91;49,40;408,76;44,16;94,01;1030,94;96,31;113,85;146,57;120,65;
313;101,10;1042,28;86,29;52,40;445,00;47,41;95,21;1060,63;93,90;121,26;86,15;93,52;
314;94,22;994,94;91,28;53,55;393,23;46,40;103,35;1079,59;97,99;91,03;569,32;86,46;
315;97,11;1094,55;87,25;49,89;373,86;46,29;103,43;1061,19;94,33;110,46;573,95;58,35;
316;101,56;928,26;88,40;51,07;383,92;45,79;102,86;946,69;94,18;102,52;83,58;99,97;
317;102,31;973,59;89,94;47,66;396,71;46,50;114,61;936,34;94,31;122,15;221,46;73,12;
318;97,27;1052,66;87,31;52,24;392,28;45,72;98,72;1061,87;94,60;106,97;68,23;94,42;
319;95,98;935,50;88,92;49,39;411,49;46,29;96,15;1046,43;94,57;113,64;117,80;98,62;
320;96,82;1001,50;92,18;51,76;426,94;44,56;99,04;1055,11;96,38;92,26;178,00;94,72;
321;96,05;1040,30;90,12;51,48;397,08;46,59;102,64;994,64;95,15;90,85;225,61;57,56;
322;109,12;1074,04;89,93;47,23;421,81;43,59;96,27;957,63;94,08;107,40;516,81;87,03;
323;100,24;1051,93;88,70;47,78;382,55;46,56;102,01;969,01;95,11;97,51;450,17;146,44;
324;100,59;1032,55;86,43;50,78;384,09;47,62;98,84;1008,47;94,39;99,66;91,22;92,98;
325;98,78;922,57;88,28;47,86;378,76;45,95;94,87;993,92;94,97;104,06;36,11;71,16;
326;98,08;1096,34;92,51;48,37;398,57;45,83;100,24;1034,40;96,68;98,14;110,47;130,65;
327;96,68;1037,38;91,98;48,32;378,01;45,20;98,45;987,31;93,53;97,13;177,54;67,76;
328;98,98;1047,46;89,15;49,79;404,31;45,66;103,84;974,92;94,17;121,17;72,09;128,06;
329;96,26;1112,38;89,05;52,62;384,80;45,87;100,77;1075,28;94,80;96,45;84,24;105,68;
330;98,25;958,67;89,62;51,35;377,87;45,07;101,21;1014,11;93,11;105,40;296,37;92,34;
331;106,43;1017,69;92,07;50,64;420,13;47,02;97,96;964,33;91,79;118,70;128,34;64,81;
332;100,89;1077,43;89,82;49,01;382,70;45,00;93,93;958,06;93,49;115,88;162,04;222,63;
333;95,10;826,22;90,23;48,84;401,26;44,95;97,44;1030,15;95,55;107,63;87,19;98,40;
334;101,94;991,41;93,76;47,03;375,37;46,11;108,18;1056,21;96,63;118,23;74,91;135,62;
335;94,61;1075,37;92,42;48,89;411,03;45,00;99,19;1009,02;94,61;102,43;73,50;79,75;
336;96,51;1035,53;87,59;48,73;355,72;46,05;100,14;923,60;96,35;108,04;214,32;101,49;
337;95,50;1028,43;86,51;52,73;407,76;44,69;107,20;996,52;94,58;106,60;531,57;55,26;
338;102,95;1066,02;91,64;47,15;415,33;47,08;90,21;985,23;99,35;113,52;163,11;145,56;
339;108,84;878,14;89,23;47,47;381,32;47,07;92,89;1004,98;95,80;103,65;382,94;91,06;
340;102,02;1102,34;89,53;47,83;399,79;47,05;107,57;1113,45;92,79;121,01;348,84;86,17;
341;102,49;940,57;94,79;52,19;429,41;46,61;94,78;985,70;92,78;90,29;160,92;93,49;
342;98,16;1088,34;93,38;48,13;409,20;45,58;110,42;1010,15;95,62;100,91;217,58;142,76;
343;101,07;983,70;92,38;48,50;429,78;46,06;97,64;1018,71;94,87;109,92;427,79;86,23;
344;100,35;1063,34;87,19;50,22;405,33;46,27;101,69;945,86;95,03;99,47;168,34;129,42;
345;104,68;943,97;91,04;50,17;393,67;46,46;97,10;1011,83;96,36;121,01;221,06;85,36;
346;99,18;1032,38;89,14;48,41;390,96;44,87;98,09;1112,39;97,11;121,34;138,12;80,92;
347;100,46;872,90;89,86;50,20;413,45;45,98;108,48;1062,16;96,55;90,21;89,76;78,41;
348;100,71;1034,29;88,22;50,79;396,44;43,81;120,98;952,30;93,38;94,99;223,76;68,51;
349;99,36;913,29;88,86;50,85;374,87;44,64;91,55;976,85;92,10;101,36;359,62;100,49;
350;94,95;1044,05;88,73;48,85;404,60;47,84;93,82;1048,68;96,83;91,31;118,28;80,14;
351;102,89;947,27;88,47;51,27;386,09;45,54;96,45;951,64;93,48;113,71;200,24;83,48;
352;96,18;915,42;91,16;49,50;420,21;45,60;92,13;1000,63;95,70;101,45;204,22;95,14;
353;100,64;1067,51;86,60;50,18;400,51;47,26;103,86;1003,64;95,68;122,47;83,58;132,28;
354;95,46;916,05;89,41;54,18;395,50;45,39;109,38;1050,67;95,01;97,02;384,13;69,09;
355;103,80;992,02;91,35;49,07;359,65;46,03;99,95;964,74;93,37;122,41;203,11;104,57;
356;101,78;976,69;92,55;51,11;409,18;44,80;109,53;1110,35;94,48;96,11;106,20;98,42;
357;103,94;938,61;94,61;50,23;419,26;48,35;101,06;1038,17;94,84;119,68;247,08;128,96;
358;105,34;891,35;90,65;48,75;375,65;46,24;105,69;1020,72;95,74;109,98;417,70;143,43;
359;109,87;1062,67;91,55;48,69;385,38;45,13;93,78;998,26;95,56;105,92;107,27;101,84;
360;96,48;923,37;87,13;53,03;377,04;44,97;99,15;1049,50;93,83;119,86;70,66;67,48;
361;97,37;1009,56;92,53;54,15;404,15;45,75;101,78;1021,09;94,95;118,52;93,97;94,03;
362;109,14;927,82;87,56;51,57;373,68;45,06;115,97;1028,80;96,96;110,06;218,08;113,14;
363;99,89;1005,69;86,70;50,90;400,43;46,33;104,37;1063,62;97,43;112,94;159,22;130,21;
364;98,86;925,90;90,94;46,81;403,18;46,53;102,56;996,29;95,09;122,03;164,54;105,79;
365;104,03;1065,38;91,06;52,04;392,56;46,00;103,49;999,37;94,94;91,92;85,85;115,50;
366;107,12;989,87;90,34;49,94;346,18;45,82;103,77;962,83;93,34;92,21;110,02;141,84;
367;97,00;1002,20;93,81;48,71;391,62;45,19;100,99;1038,31;99,71;96,22;202,49;112,95;
368;101,08;989,18;90,90;50,66;377,42;46,57;96,17;988,78;92,54;122,25;45,53;140,11;
369;99,48;995,60;86,98;49,63;383,56;45,90;99,22;958,38;98,09;97,07;103,58;85,48;
370;101,40;1082,90;94,44;48,11;379,46;46,07;94,34;968,26;97,22;113,22;77,66;94,99;
371;105,97;1009,62;87,28;50,27;390,36;45,65;94,30;969,11;94,73;106,44;92,63;94,28;
372;95,58;994,39;86,42;48,23;382,38;44,58;104,91;1054,93;93,58;104,82;60,03;103,55;
373;94,20;1086,14;86,11;52,11;352,35;46,27;98,07;1094,58;95,78;109,51;177,55;78,38;
374;100,16;926,62;86,03;50,93;379,58;47,07;102,15;1025,11;94,52;114,25;71,53;74,81;
375;105,05;919,62;89,67;49,62;396,82;45,05;99,31;1005,84;92,80;99,52;84,76;126,09;
376;96,61;999,05;88,15;51,52;375,97;46,37;91,16;1063,94;93,51;106,21;547,43;118,54;
377;97,46;1005,09;91,47;50,73;417,77;44,19;101,32;1070,59;96,78;121,43;311,92;204,35;
378;94,91;986,92;89,07;51,24;408,23;44,94;111,14;963,20;95,80;105,15;52,07;105,06;
379;99,92;1064,07;87,91;46,86;428,36;47,00;99,10;1029,31;93,99;94,30;63,87;167,97;
380;96,05;1031,75;88,33;49,99;406,60;45,94;108,09;947,85;93,98;109,65;181,99;89,29;
381;102,24;920,14;86,80;50,85;371,43;47,60;102,71;1004,27;94,15;120,50;13,69;95,06;
382;96,11;919,24;91,78;52,54;357,75;47,18;102,09;975,93;96,23;106,60;314,33;61,12;
383;101,79;1011,63;86,83;53,10;386,41;45,95;97,54;980,94;97,42;121,04;347,94;95,03;
384;97,17;1071,74;90,49;51,04;365,26;45,55;92,53;1030,40;94,80;112,93;301,69;112,81;
385;102,60;992,22;94,09;50,33;415,28;45,49;95,67;1049,31;95,72;105,07;439,16;106,50;
386;98,66;1024,13;88,10;53,67;373,53;46,81;98,23;1090,26;95,34;93,76;428,50;101,87;
387;100,40;1005,23;92,23;46,91;423,45;46,65;96,03;964,11;96,27;120,03;105,08;127,29;
388;102,36;963,05;93,42;51,06;358,25;45,69;100,84;1093,46;92,05;97,02;245,51;77,21;
389;101,65;976,04;91,53;51,55;431,93;47,23;120,95;1022,21;94,92;92,47;231,38;100,92;
390;103,61;960,23;86,90;50,09;399,25;45,60;104,20;1035,95;96,47;105,80;238,10;85,50;
391;103,07;1028,09;85,99;50,25;400,64;46,27;103,63;1032,95;91,93;114,81;91,81;162,66;
392;102,82;984,46;91,32;48,54;389,93;46,57;90,75;1092,79;97,86;107,10;382,04;151,07;
393;96,23;861,48;88,30;48,42;386,13;44,76;90,96;991,56;93,47;111,28;181,99;126,25;
394;97,04;888,93;90,72;48,96;428,99;47,80;102,78;941,95;93,91;109,93;137,90;117,24;
395;103,52;939,61;91,43;51,90;419,41;44,54;106,10;1076,72;94,50;97,12;91,10;103,52;
396;98,54;996,96;88,43;47,22;432,93;45,37;97,37;998,77;92,09;109,73;296,73;101,09;
397;99,61;1078,50;91,95;49,64;382,13;45,43;108,61;987,54;98,94;119,91;115,88;60,29;
398;98,48;1098,83;89,20;53,93;376,70;47,90;98,74;994,54;96,53;103,43;29,10;102,43;
399;103,38;896,24;90,97;53,83;404,38;45,23;102,20;953,83;96,08;103,63;133,88;77,38;
400;103,36;1053,10;91,68;51,49;430,13;47,56;102,00;1039,95;96,47;100,80;235,90;92,22;
401;98,22;986,36;88,68;49,67;374,60;44,95;97,04;1013,47;94,05;101,44;55,74;150,31;
402;99,40;1020,69;88,56;51,69;427,74;45,11;100,47;995,51;97,16;91,29;216,53;129,41;
403;98,28;990,46;93,85;48,12;401,70;46,45;93,70;980,31;91,39;103,41;59,73;86,41;
404;100,53;896,76;91,81;48,57;379,09;48,58;101,07;1019,43;93,87;117,10;372,58;135,66;
405;108,07;1076,05;93,97;48,00;397,62;46,58;112,07;1106,69;93,88;92,10;145,31;139,99;
406;100,47;929,76;87,23;51,65;391,13;47,20;98,38;997,90;97,97;105,58;251,20;102,23;
407;99,85;831,41;90,00;52,21;408,62;44,34;95,39;986,66;96,74;92,53;263,47;133,35;
408;96,38;1059,79;93,27;49,81;409,00;46,21;102,43;979,33;94,13;107,74;128,55;88,50;
409;96,09;1045,49;90,86;50,41;398,44;46,12;94,97;939,17;96,77;113,82;140,59;58,10;
410;97,31;1080,33;86,33;51,22;417,03;45,94;107,09;1029,54;96,29;109,50;91,74;67,98;
411;104,66;932,49;87,66;48,93;416,18;45,29;103,06;945,08;94,23;116,38;66,44;107,94;
412;101,14;851,92;89,60;46,69;401,18;46,36;101,95;988,26;95,37;109,26;124,56;135,53;
413;97,91;1016,29;89,56;51,86;367,48;47,39;94,92;1060,91;93,21;103,23;238,89;127,29;
414;99,20;956,60;89,84;48,62;376,78;45,56;93,86;1011,97;97,52;106,70;521,80;84,04;
415;97,33;976,83;86,87;47,57;369,95;44,77;98,51;997,36;95,69;99,47;144,51;103,44;
416;94,04;894,45;93,66;53,23;411,41;46,08;95,56;992,93;92,97;105,34;273,06;95,14;
417;99,95;984,28;92,29;48,05;403,43;47,31;92,48;967,12;91,22;120,85;466,24;85,21;
418;97,60;979,70;92,78;48,58;396,55;48,96;104,42;992,26;95,49;99,48;346,51;111,27;
419;101,62;985,78;86,93;48,91;380,01;47,11;99,85;1013,17;91,82;110,21;16,49;39,97;
420;95,34;1033,82;89,20;50,83;360,55;45,16;96,70;1006,89;96,68;97,29;70,61;92,10;
421;102,20;1008,92;89,54;49,75;395,93;45,99;99,81;1053,05;94,74;92,37;18,32;86,52;
422;98,59;1043,08;87,70;50,76;374,19;46,17;101,33;980,35;93,46;106,51;181,40;66,93;
423;101,66;972,39;88,61;51,58;391,95;46,99;97,65;978,86;96,92;104,39;90,42;141,05;
424;102,17;1027,65;92,33;50,74;380,84;45,07;102,60;1075,90;94,62;122,66;114,21;81,54;
425;94,76;957,86;92,01;50,89;426,53;44,72;98,48;1089,06;94,68;116,45;106,30;62,57;
426;98,75;1006,07;91,74;48,55;370,08;45,32;101,89;991,80;97,02;100,68;137,81;91,86;
427;97,08;974,71;89,32;52,91;383,47;45,09;102,31;940,15;99,91;97,23;329,40;71,48;
428;104,74;981,74;90,92;52,11;392,33;46,83;98,68;915,48;95,38;115,33;84,67;104,71;
429;107,64;972,04;87,23;52,03;370,61;46,76;105,67;1055,83;98,19;121,04;369,87;84,18;
430;104,98;933,24;89,27;49,10;387,08;45,33;98,90;967,29;93,98;90,19;25,99;92,17;
431;99,53;981,09;89,39;50,70;399,51;45,58;93,51;1059,84;97,49;103,76;217,46;81,34;
432;101,01;904,23;91,22;47,28;379,05;45,04;99,90;973,47;92,59;106,52;120,98;136,69;
433;99,46;1048,09;86,58;47,78;407,59;44,93;106,33;943,37;96,16;111,91;43,67;149,81;
434;99,65;937,85;87,02;51,41;357,06;46,10;98,18;956,57;93,93;109,24;209,10;107,56;
435;99,96;1029,19;88,41;51,01;391,80;44,82;97,69;1073,76;97,05;99,87;273,38;188,95;
436;104,79;905,59;87,48;50,86;381,20;46,43;109,17;944,28;93,33;123,88;115,49;102,89;
437;101,13;970,70;92,75;48,70;383,16;45,35;109,76;982,09;95,91;107,31;95,51;110,75;
438;96,45;876,51;87,07;50,61;369,25;45,88;98,81;971,97;92,91;122,20;164,69;90,82;
439;98,64;911,08;85,18;48,78;442,81;46,05;101,48;979,52;94,01;100,23;322,57;172,03;
440;99,52;914,76;85,56;49,36;376,41;45,57;101,23;971,42;91,72;102,72;531,23;111,64;
441;102,93;965,15;88,34;52,35;393,35;45,50;104,20;949,91;98,66;104,04;253,90;86,06;
442;99,60;1091,10;91,01;51,45;383,37;44,30;97,51;1038,89;92,60;115,57;277,82;90,12;
443;105,13;946,74;86,15;49,44;435,81;45,42;101,01;993,59;93,79;117,80;655,16;162,09;
444;102,27;1012,10;91,08;50,30;382,88;45,09;90,34;1001,88;95,74;100,77;45,08;113,39;
445;99,22;865,63;88,51;51,94;405,62;46,96;103,96;973,93;95,10;120,81;130,22;75,19;
446;105,94;994,36;92,19;50,69;419,86;44,86;104,63;1068,12;95,65;120,48;154,70;90,30;
447;101,70;971,51;88,45;48,86;385,16;47,13;113,43;1036,11;98,23;103,84;53,82;76,12;
448;96,91;1100,26;94,14;47,55;388,94;44,52;94,55;1043,50;97,89;108,16;202,99;61,06;
449;100,51;871,16;88,58;49,04;390,25;45,73;104,13;960,81;93,77;92,17;108,21;74,50;
450;107,50;944,29;90,68;53,08;416,60;45,81;111,69;948,28;96,31;90,28;224,89;105,73;
451;98,81;873,73;85,37;47,88;435,17;46,25;98,32;1020,28;99,04;105,52;483,08;122,43;
452;106,98;982,24;86,95;48,21;380,43;45,97;94,19;983,19;94,20;122,49;110,53;133,23;
453;102,11;1092,89;94,43;48,90;366,14;46,58;99,94;1057,42;96,45;106,91;170,97;59,54;
454;103,65;961,45;88,81;51,71;390,70;45,64;93,16;1022,62;96,43;105,11;160,62;120,41;
455;102,52;921,07;89,79;48,79;436,05;45,17;105,75;1044,67;93,56;103,38;54,41;135,37;
456;106,62;1092,04;90,25;49,41;430,54;44,61;101,74;1002,41;97,31;97,62;75,15;123,80;
457;94,08;874,43;90,46;54,78;392,56;45,21;115,79;948,67;93,69;107,43;295,88;99,17;
458;104,59;877,03;89,02;50,64;373,92;45,02;101,26;974,26;97,62;101,26;112,30;112,83;
459;106,88;1047,84;92,31;50,82;415,94;45,20;106,71;985,43;94,46;105,58;365,99;123,78;
460;101,21;975,39;87,80;50,10;399,17;45,48;100,08;1097,41;95,22;103,45;217,44;63,46;
461;96,87;980,62;87,17;54,03;430,26;44,80;96,36;1072,80;98,25;111,30;116,12;104,33;
462;102,00;922,04;90,82;52,59;418,38;46,31;98,13;965,23;95,31;90,18;576,66;105,67;
463;99,55;997,22;91,75;47,73;436,43;44,89;117,55;999,83;91,87;112,19;259,02;145,24;
464;96,65;1132,49;94,28;47,17;384,26;45,75;99,00;986,13;95,78;120,59;232,84;104,97;
465;95,70;895,25;87,92;51,18;370,30;45,55;102,47;977,78;96,56;109,03;130,35;87,61;
466;96,33;1038,93;89,34;48,97;415,17;45,92;91,58;1017,90;99,44;111,11;264,89;76,16;
467;97,81;1063,74;87,42;52,32;402,47;45,89;115,44;932,89;97,57;118,74;98,13;83,06;
468;98,45;996,16;94,01;48,15;397,54;44,99;99,77;1026,44;97,40;105,89;212,31;59,94;
469;97,28;1079,77;88,17;52,88;388,10;48,02;103,66;963,72;95,23;115,26;115,09;80,80;
470;98,04;1016,73;90,32;47,30;437,19;46,15;110,98;1058,09;94,53;98,88;331,52;125,83;
471;98,56;998,66;87,12;51,80;422,72;45,71;119,60;1042,06;93,13;110,35;292,14;149,30;
472;105,18;1012,50;91,17;52,49;438,14;45,49;90,65;982,32;91,13;118,15;716,98;130,68;
473;105,80;966,40;89,08;49,55;409,89;45,03;111,63;981,22;92,01;107,64;101,78;114,02;
474;97,16;996,26;88,95;54,86;372,07;45,91;96,08;1052,05;97,83;102,82;71,14;62,09;
475;96,31;924,25;90,34;48,98;372,15;46,02;93,40;978,00;98,14;92,28;257,57;88,41;
476;96,89;1033,49;89,98;51,93;406,74;46,91;97,30;978,18;96,58;90,64;447,27;128,36;
477;99,06;862,62;89,48;53,39;408,56;47,50;94,67;1039,29;94,29;95,31;125,54;71,50;
478;94,71;987,55;89,17;52,85;371,91;44,25;93,99;983,06;97,03;115,17;183,76;96,76;
479;98,34;912,28;89,70;54,27;418,59;46,87;104,51;1047,45;93,53;110,61;462,53;79,09;
480;96,59;1030,57;90,61;54,53;369,77;45,22;97,75;1039,53;96,09;98,52;134,69;87,05;
481;96,79;1081,15;88,62;51,04;409,94;46,10;95,73;1042,61;96,98;117,06;31,19;149,73;
482;106,01;948,13;91,76;52,44;410,79;46,28;106,05;1007,49;96,33;122,64;225,82;95,07;
483;102,68;883,11;92,69;48,02;373,19;44,35;106,56;974,67;95,21;109,10;126,48;151,76;
484;101,87;942,09;86,21;50,14;424,24;46,24;95,00;1004,24;95,85;94,34;141,88;112,89;
485;94,65;1003,52;91,12;51,82;368,11;45,30;98,77;1001,96;98,99;111,66;48,96;83,18;
486;95,04;845,41;90,44;53,29;399,76;46,79;100,45;1074,26;95,41;120,51;390,72;90,78;
487;100,07;901,93;89,22;50,26;419,11;44,98;99,73;983,91;94,02;116,25;22,92;94,51;
488;97,44;1056,59;89,59;50,96;364,16;46,67;101,91;1042,36;93,34;120,54;362,30;87,87;
489;104,74;888,09;88,53;50,46;362,60;46,02;102,95;996,91;95,07;94,46;155,86;73,10;
490;96,20;1103,91;89,62;51,29;403,02;46,69;98,92;961,01;95,26;102,28;122,36;89,00;
491;99,42;1110,40;92,34;48,93;424,07;45,64;97,61;934,90;95,32;98,97;117,14;78,15;
492;102,15;1136,10;91,18;54,01;365,64;46,09;111,11;1068,98;96,90;123,99;177,01;107,78;
493;97,76;1044,22;89,71;53,35;416,06;46,37;107,75;990,53;96,41;112,84;157,53;110,56;
494;98,01;894,03;90,17;49,06;366,61;46,44;97,01;1045,93;94,25;92,05;140,40;127,96;
495;100,03;992,96;92,28;50,41;381,39;45,91;99,64;1011,04;95,14;122,46;680,85;83,90;
496;101,04;970,07;89,02;50,99;403,89;44,97;104,03;938,50;97,89;118,79;308,47;86,99;
497;102,68;1070,77;88,09;51,32;371,21;46,75;95,88;971,12;95,53;120,08;26,01;79,39;
498;100,48;881,93;92,49;50,22;358,94;46,60;98,35;1085,45;95,21;105,39;65,96;195,05;
499;103,31;974,95;94,19;53,62;381,61;45,99;100,16;950,97;95,12;91,66;94,18;95,28;
500;96,18;915,42;91,16;49,50;420,21;45,60;92,13;1000,63;95,70;96,10;144,26;126,25;
